<?xml version="1.0" encoding="UTF-8"?>
<uTYPEDATA xmlns:xsi="http://www.w3.org/2001/XMLSchema-instance" xsi:noNamespaceSchemaLocation="uTYPEDATA.xsd">
<CLSTYPE>DYNA01</CLSTYPE>
<AlignmentLib>1082026915</AlignmentLib>
<Typing>B*44:79:01+B*55:02:01:01;B*44:79:01+B*55:02:01:02;B*44:79:01+B*55:02:01:03;B*44:79:01+B*55:02:01:04;B*44:79:01+B*55:02:01:05;B*44:79:01+B*55:02:01:06;B*44:79:01+B*55:02:05;B*44:79:01+B*55:89N;B*44:79:01+B*55:107;B*44:163:01+B*56:25;B*44:237N+B*55:01:01:01;B*44:237N+B*55:01:01:02;B*44:237N+B*55:01:01:03;B*44:237N+B*55:01:01:04;B*44:237N+B*55:01:01:05;B*44:237N+B*55:01:01:06;B*44:237N+B*55:01:01:07;B*44:237N+B*55:01:01:08;B*44:237N+B*55:01:01:09;B*44:237N+B*55:01:01:10;B*44:237N+B*55:01:01:11;B*44:237N+B*55:01:01:12;B*44:237N+B*55:01:01:13;B*44:237N+B*55:01:01:14;B*44:237N+B*55:01:01:15;B*44:237N+B*55:01:01:16;B*44:237N+B*55:01:01:17;B*44:237N+B*55:01:01:18;B*44:237N+B*55:01:01:19;B*44:237N+B*55:01:22;B*44:237N+B*55:01:23;B*44:237N+B*55:97N;</Typing>
<ReviewFlag>0</ReviewFlag>
<FinalType>;</FinalType>
<PanelInfo>DefaultPanel;;NA;NA</PanelInfo>
<IntronAmbiguity>0</IntronAmbiguity>
<UserGSSPFlag>0</UserGSSPFlag>
<TypeLevel>0</TypeLevel>
<RealInsDel>0</RealInsDel>
<ReviewerTime>825244209</ReviewerTime>
<ApproverTime>809121075</ApproverTime>
<ReviewerFlag>0</ReviewerFlag>
<CheckSum>46592</CheckSum>
</uTYPEDATA>
