<?xml version="1.0" encoding="UTF-8"?>
<uTYPEDATA xmlns:xsi="http://www.w3.org/2001/XMLSchema-instance" xsi:noNamespaceSchemaLocation="uTYPEDATA.xsd">
<CLSTYPE>DYNA01</CLSTYPE>
<AlignmentLib>1082026915</AlignmentLib>
<ReviewFlag>0</ReviewFlag>
<FinalType>;</FinalType>
<PanelInfo>DefaultPanel;;NA;NA</PanelInfo>
<IntronAmbiguity>0</IntronAmbiguity>
<UserGSSPFlag>0</UserGSSPFlag>
<TypeLevel>0</TypeLevel>
<RealInsDel>0</RealInsDel>
<ReviewerTime>0</ReviewerTime>
<ApproverTime>0</ApproverTime>
<ReviewerFlag>0</ReviewerFlag>
<CheckSum>6464</CheckSum>
</uTYPEDATA>
