<?xml version="1.0" encoding="UTF-8"?>
<uTYPEDATA xmlns:xsi="http://www.w3.org/2001/XMLSchema-instance" xsi:noNamespaceSchemaLocation="uTYPEDATA.xsd">
<CLSTYPE>DYNA01</CLSTYPE>
<AlignmentLib>1082026915</AlignmentLib>
<Typing>B*07:67N+B*13:02:01:01;B*07:67N+B*13:02:01:02;B*07:67N+B*13:02:01:03;B*07:67N+B*13:02:01:04;B*07:67N+B*13:02:01:05;B*07:67N+B*13:02:01:06;B*07:67N+B*13:02:01:07;B*07:67N+B*13:02:01:08;B*07:67N+B*13:02:01:09;B*07:67N+B*13:02:01:10;B*07:67N+B*13:02:01:11;B*07:67N+B*13:02:01:12;B*07:67N+B*13:02:01:13;B*07:67N+B*13:02:01:14;B*07:67N+B*13:02:01:15;B*07:67N+B*13:02:01:16;B*07:67N+B*13:117;B*07:67N+B*13:123Q;B*07:67N+B*13:137N;B*07:149+B*13:09;B*07:251N+B*13:02:01:01;B*07:251N+B*13:02:01:02;B*07:251N+B*13:02:01:03;B*07:251N+B*13:02:01:04;B*07:251N+B*13:02:01:05;B*07:251N+B*13:02:01:06;B*07:251N+B*13:02:01:07;B*07:251N+B*13:02:01:08;B*07:251N+B*13:02:01:09;B*07:251N+B*13:02:01:10;B*07:251N+B*13:02:01:11;B*07:251N+B*13:02:01:12;B*07:251N+B*13:02:01:13;B*07:251N+B*13:02:01:14;B*07:251N+B*13:02:01:15;B*07:251N+B*13:02:01:16;B*07:251N+B*13:117;B*07:251N+B*13:123Q;B*07:251N+B*13:137N;</Typing>
<ReviewFlag>0</ReviewFlag>
<FinalType>;</FinalType>
<PanelInfo>DefaultPanel;;NA;NA</PanelInfo>
<IntronAmbiguity>0</IntronAmbiguity>
<UserGSSPFlag>0</UserGSSPFlag>
<TypeLevel>0</TypeLevel>
<RealInsDel>0</RealInsDel>
<ReviewerTime>0</ReviewerTime>
<ApproverTime>0</ApproverTime>
<ReviewerFlag>0</ReviewerFlag>
<CheckSum>51051</CheckSum>
</uTYPEDATA>
