<?xml version="1.0" encoding="UTF-8"?>
<uTYPEDATA xmlns:xsi="http://www.w3.org/2001/XMLSchema-instance" xsi:noNamespaceSchemaLocation="uTYPEDATA.xsd">
<CLSTYPE>DYNA01</CLSTYPE>
<AlignmentLib>1082026915</AlignmentLib>
<Typing>B*39:03:01:01+B*42:04;B*39:03:01:02+B*42:04;B*39:03:01:03+B*42:04;B*39:06:02:01+B*42:01:01:01;B*39:06:02:01+B*42:01:01:02;B*39:06:02:02+B*42:01:01:01;B*39:06:02:02+B*42:01:01:02;B*39:06:02:03+B*42:01:01:01;B*39:06:02:03+B*42:01:01:02;B*39:06:02:04+B*42:01:01:01;B*39:06:02:04+B*42:01:01:02;B*39:06:02:05+B*42:01:01:01;B*39:06:02:05+B*42:01:01:02;B*39:06:02:06+B*42:01:01:01;B*39:06:02:06+B*42:01:01:02;B*39:06:02:07+B*42:01:01:01;B*39:06:02:07+B*42:01:01:02;</Typing>
<ReviewFlag>0</ReviewFlag>
<FinalType>;</FinalType>
<PanelInfo>DefaultPanel;;NA;NA</PanelInfo>
<IntronAmbiguity>0</IntronAmbiguity>
<UserGSSPFlag>0</UserGSSPFlag>
<TypeLevel>0</TypeLevel>
<RealInsDel>0</RealInsDel>
<ReviewerTime>0</ReviewerTime>
<ApproverTime>0</ApproverTime>
<ReviewerFlag>0</ReviewerFlag>
<CheckSum>46001</CheckSum>
</uTYPEDATA>
