<?xml version="1.0" encoding="UTF-8"?>
<uTYPEDATA xmlns:xsi="http://www.w3.org/2001/XMLSchema-instance" xsi:noNamespaceSchemaLocation="uTYPEDATA.xsd">
<CLSTYPE>DYNA01</CLSTYPE>
<AlignmentLib>1082026915</AlignmentLib>
<Typing>B*35:10+B*57:03:01:01;B*35:10+B*57:03:01:02;B*35:10+B*57:03:01:03;B*35:10+B*57:03:01:04;B*35:10+B*57:03:01:05;B*35:10+B*57:03:05;B*35:10+B*57:124;B*35:477+B*57:01:01:01;B*35:477+B*57:01:01:02;B*35:477+B*57:01:01:03;B*35:477+B*57:01:01:04;B*35:477+B*57:01:01:05;B*35:477+B*57:01:01:06;B*35:477+B*57:01:01:07;B*35:477+B*57:01:01:08;B*35:477+B*57:01:01:09;B*35:477+B*57:01:01:10;B*35:477+B*57:01:01:11;B*35:477+B*57:01:01:12;B*35:477+B*57:01:01:13;B*35:477+B*57:01:01:14;B*35:477+B*57:01:01:15;B*35:477+B*57:01:01:16;B*35:477+B*57:01:01:17;B*35:477+B*57:79N;B*35:477+B*57:103;</Typing>
<ReviewFlag>0</ReviewFlag>
<FinalType>;</FinalType>
<PanelInfo>DefaultPanel;;NA;NA</PanelInfo>
<IntronAmbiguity>0</IntronAmbiguity>
<UserGSSPFlag>0</UserGSSPFlag>
<TypeLevel>0</TypeLevel>
<RealInsDel>0</RealInsDel>
<ReviewerTime>13</ReviewerTime>
<ApproverTime>12</ApproverTime>
<ReviewerFlag>0</ReviewerFlag>
<CheckSum>39785</CheckSum>
</uTYPEDATA>
