<?xml version="1.0" encoding="UTF-8"?>
<uTYPEDATA xmlns:xsi="http://www.w3.org/2001/XMLSchema-instance" xsi:noNamespaceSchemaLocation="uTYPEDATA.xsd">
<CLSTYPE>DYNA01</CLSTYPE>
<AlignmentLib>1082026915</AlignmentLib>
<Typing>B*15:20+B*35:02:01:01;B*15:20+B*35:02:01:02;B*15:20+B*35:02:01:03;B*15:20+B*35:02:01:04;B*15:20+B*35:02:01:05;B*35:28:01:01+B*35:311;B*35:28:01:02+B*35:311;B*35:28:01:03+B*35:311;</Typing>
<ReviewFlag>0</ReviewFlag>
<FinalType>;</FinalType>
<PanelInfo>DefaultPanel;;NA;NA</PanelInfo>
<IntronAmbiguity>0</IntronAmbiguity>
<UserGSSPFlag>0</UserGSSPFlag>
<TypeLevel>0</TypeLevel>
<RealInsDel>0</RealInsDel>
<ReviewerTime>0</ReviewerTime>
<ApproverTime>0</ApproverTime>
<ReviewerFlag>0</ReviewerFlag>
<CheckSum>31758</CheckSum>
</uTYPEDATA>
