<?xml version="1.0" encoding="UTF-8"?>
<uTYPEDATA xmlns:xsi="http://www.w3.org/2001/XMLSchema-instance" xsi:noNamespaceSchemaLocation="uTYPEDATA.xsd">
<CLSTYPE>DYNA01</CLSTYPE>
<AlignmentLib>1082026915</AlignmentLib>
<Typing>B*15:20+B*51:32;B*15:20+B*51:118N;</Typing>
<ReviewFlag>0</ReviewFlag>
<FinalType>;</FinalType>
<PanelInfo>DefaultPanel;;NA;NA</PanelInfo>
<IntronAmbiguity>0</IntronAmbiguity>
<UserGSSPFlag>0</UserGSSPFlag>
<TypeLevel>3</TypeLevel>
<RealInsDel>0</RealInsDel>
<CMDPHR>B*15:20,B*51:118N</CMDPHR>
<ReviewerTime>0</ReviewerTime>
<ApproverTime>1964674609</ApproverTime>
<ReviewerFlag>0</ReviewerFlag>
<CheckSum>39531</CheckSum>
</uTYPEDATA>
