<?xml version="1.0" encoding="UTF-8"?>
<uTYPEDATA xmlns:xsi="http://www.w3.org/2001/XMLSchema-instance" xsi:noNamespaceSchemaLocation="uTYPEDATA.xsd">
<CLSTYPE>DYNA01</CLSTYPE>
<AlignmentLib>1082026915</AlignmentLib>
<Typing>B*14:01:01:01+B*35:04:01:01;B*14:01:01:01+B*35:04:01:02;B*14:01:01:02+B*35:04:01:01;B*14:01:01:02+B*35:04:01:02;B*14:01:01:03+B*35:04:01:01;B*14:01:01:03+B*35:04:01:02;B*14:01:01:04+B*35:04:01:01;B*14:01:01:04+B*35:04:01:02;B*14:01:01:05+B*35:04:01:01;B*14:01:01:05+B*35:04:01:02;B*14:01:01:06+B*35:04:01:01;B*14:01:01:06+B*35:04:01:02;B*14:01:01:07+B*35:04:01:01;B*14:01:01:07+B*35:04:01:02;B*14:01:11+B*35:04:01:01;B*14:01:11+B*35:04:01:02;B*14:78N+B*35:04:01:01;B*14:78N+B*35:04:01:02;</Typing>
<ReviewFlag>0</ReviewFlag>
<FinalType>;</FinalType>
<PanelInfo>DefaultPanel;;NA;NA</PanelInfo>
<IntronAmbiguity>0</IntronAmbiguity>
<UserGSSPFlag>0</UserGSSPFlag>
<TypeLevel>0</TypeLevel>
<RealInsDel>0</RealInsDel>
<ReviewerTime>489</ReviewerTime>
<ApproverTime>680</ApproverTime>
<ReviewerFlag>0</ReviewerFlag>
<CheckSum>64537</CheckSum>
</uTYPEDATA>
