<?xml version="1.0" encoding="UTF-8"?>
<uTYPEDATA xmlns:xsi="http://www.w3.org/2001/XMLSchema-instance" xsi:noNamespaceSchemaLocation="uTYPEDATA.xsd">
<CLSTYPE>DYNA01</CLSTYPE>
<AlignmentLib>1082026915</AlignmentLib>
<Typing>B*07:06:01:01+B*07:67N;B*07:06:01:01+B*07:251N;B*07:06:01:02+B*07:67N;B*07:06:01:02+B*07:251N;B*07:06:01:03+B*07:67N;B*07:06:01:03+B*07:251N;</Typing>
<ReviewFlag>0</ReviewFlag>
<FinalType>;</FinalType>
<PanelInfo>DefaultPanel;;NA;NA</PanelInfo>
<IntronAmbiguity>0</IntronAmbiguity>
<UserGSSPFlag>0</UserGSSPFlag>
<TypeLevel>0</TypeLevel>
<RealInsDel>0</RealInsDel>
<ReviewerTime>809120304</ReviewerTime>
<ApproverTime>976695338</ApproverTime>
<ReviewerFlag>0</ReviewerFlag>
<CheckSum>15905</CheckSum>
</uTYPEDATA>
