<?xml version="1.0" encoding="UTF-8"?>
<uTYPEDATA xmlns:xsi="http://www.w3.org/2001/XMLSchema-instance" xsi:noNamespaceSchemaLocation="uTYPEDATA.xsd">
<CLSTYPE>DYNA01</CLSTYPE>
<AlignmentLib>1082026915</AlignmentLib>
<Typing>B*15:16:01:01+B*58:02:01:01;B*15:16:01:01+B*58:02:01:02;B*15:16:01:01+B*58:02:01:03;B*15:16:01:02+B*58:02:01:01;B*15:16:01:02+B*58:02:01:02;B*15:16:01:02+B*58:02:01:03;B*15:16:01:03+B*58:02:01:01;B*15:16:01:03+B*58:02:01:02;B*15:16:01:03+B*58:02:01:03;B*15:16:01:04+B*58:02:01:01;B*15:16:01:04+B*58:02:01:02;B*15:16:01:04+B*58:02:01:03;B*15:16:01:05+B*58:02:01:01;B*15:16:01:05+B*58:02:01:02;B*15:16:01:05+B*58:02:01:03;B*15:16:01:06+B*58:02:01:01;B*15:16:01:06+B*58:02:01:02;B*15:16:01:06+B*58:02:01:03;B*15:16:01:07+B*58:02:01:01;B*15:16:01:07+B*58:02:01:02;B*15:16:01:07+B*58:02:01:03;B*15:222+B*58:06;</Typing>
<ReviewFlag>0</ReviewFlag>
<FinalType>;</FinalType>
<PanelInfo>DefaultPanel;;NA;NA</PanelInfo>
<IntronAmbiguity>0</IntronAmbiguity>
<UserGSSPFlag>0</UserGSSPFlag>
<TypeLevel>3</TypeLevel>
<RealInsDel>0</RealInsDel>
<CMDPHR>B*15:222,B*58:06</CMDPHR>
<ReviewerTime>2896176</ReviewerTime>
<ApproverTime>976302138</ApproverTime>
<ReviewerFlag>0</ReviewerFlag>
<CheckSum>1493</CheckSum>
</uTYPEDATA>
