<?xml version="1.0" encoding="UTF-8"?>
<uTYPEDATA xmlns:xsi="http://www.w3.org/2001/XMLSchema-instance" xsi:noNamespaceSchemaLocation="uTYPEDATA.xsd">
<CLSTYPE>DYNA01</CLSTYPE>
<AlignmentLib>1082026915</AlignmentLib>
<Typing>B*51:02:01:01+B*53:02;B*51:02:01:02+B*53:02;B*51:09:01+B*53:08:01;B*51:11N+B*53:01:01:01;B*51:11N+B*53:01:01:02;B*51:11N+B*53:01:01:03;B*51:11N+B*53:01:01:04;B*51:11N+B*53:01:01:05;B*51:11N+B*53:01:01:06;B*51:11N+B*53:01:01:07;B*51:11N+B*53:01:01:08;B*51:11N+B*53:01:01:09;B*51:11N+B*53:01:01:10;B*51:11N+B*53:54;B*51:63:01+B*53:42;B*51:90+B*53:50;B*51:118N+B*53:01:01:01;B*51:118N+B*53:01:01:02;B*51:118N+B*53:01:01:03;B*51:118N+B*53:01:01:04;B*51:118N+B*53:01:01:05;B*51:118N+B*53:01:01:06;B*51:118N+B*53:01:01:07;B*51:118N+B*53:01:01:08;B*51:118N+B*53:01:01:09;B*51:118N+B*53:01:01:10;B*51:118N+B*53:54;B*51:149N+B*53:01:01:01;B*51:149N+B*53:01:01:02;B*51:149N+B*53:01:01:03;B*51:149N+B*53:01:01:04;B*51:149N+B*53:01:01:05;B*51:149N+B*53:01:01:06;B*51:149N+B*53:01:01:07;B*51:149N+B*53:01:01:08;B*51:149N+B*53:01:01:09;B*51:149N+B*53:01:01:10;B*51:149N+B*53:54;B*51:259+B*53:08:01;</Typing>
<ReviewFlag>0</ReviewFlag>
<FinalType>;</FinalType>
<PanelInfo>DefaultPanel;;NA;NA</PanelInfo>
<IntronAmbiguity>0</IntronAmbiguity>
<UserGSSPFlag>0</UserGSSPFlag>
<TypeLevel>0</TypeLevel>
<RealInsDel>0</RealInsDel>
<ReviewerTime>0</ReviewerTime>
<ApproverTime>0</ApproverTime>
<ReviewerFlag>0</ReviewerFlag>
<CheckSum>8049</CheckSum>
</uTYPEDATA>
